,timestamp,temperature,humidity,power_consumption,energy_consumption,outdoor_temperature,outdoor_humidity,door_status,occupancy,FC_Unit_1_Status,FC_Unit_1_Fan_Status,FC_Unit_1_Set_Point,FC_Unit_1_Operation_Mode,FC_Unit_2_Status,FC_Unit_2_Fan_Status,FC_Unit_2_Set_Point,FC_Unit_2_Operation_Mode
170,1732917410,,,2.06,2874.51,28.0,81.5,0.0,17.0,ON,MED,22.0,COOL,ON,MED,22.0,COOL
171,1732918019,,,1.9100000000000001,2874.87,28.0,81.5,0.0,17.0,ON,MED,22.0,COOL,ON,MED,22.0,COOL
172,1732918629,,,1.6400000000000001,2875.16,28.0,81.5,0.0,17.0,ON,MED,22.0,COOL,ON,MED,22.0,COOL
173,1732919240,,,0.81,2875.37,28.0,81.5,0.0,17.0,ON,MED,22.0,COOL,ON,MED,22.0,COOL
174,1732919850,,,1.3,2875.67,28.0,81.5,0.0,17.0,ON,MED,22.0,COOL,ON,MED,22.0,COOL
175,1732920460,,,1.23,2875.93,28.0,81.5,0.0,17.0,ON,MED,22.0,COOL,ON,MED,22.0,COOL
176,1732921070,,,1.21,2876.19,28.0,81.5,0.0,17.0,ON,MED,22.0,COOL,ON,MED,22.0,COOL
177,1732921679,,,1.22,2876.47,28.0,81.5,0.0,17.0,ON,MED,22.0,COOL,ON,MED,22.0,COOL
178,1732922289,,,1.22,2876.72,28.0,81.5,0.0,17.0,ON,MED,22.0,COOL,ON,MED,22.0,COOL
221,1732948528,,,2.32,2877.42,28.0,81.5,0.0,17.0,ON,MED,22.0,COOL,ON,MED,22.0,COOL
222,1732949138,,,2.19,2877.85,28.0,81.5,0.0,17.0,ON,MED,22.0,COOL,ON,MED,22.0,COOL
223,1732949749,,,2.3,2878.22,28.0,81.5,0.0,17.0,ON,MED,22.0,COOL,ON,MED,22.0,COOL
224,1732950359,,,1.24,2878.48,28.0,81.5,0.0,17.0,ON,MED,22.0,COOL,ON,MED,22.0,COOL
225,1732950969,,,1.24,2878.73,28.0,81.5,0.0,17.0,ON,MED,22.0,COOL,ON,MED,22.0,COOL
226,1732951580,,,1.25,2879.0,28.0,81.5,0.0,17.0,ON,MED,22.0,COOL,ON,MED,22.0,COOL
227,1732952190,,,1.28,2879.25,28.0,81.5,0.0,17.0,ON,MED,22.0,COOL,ON,MED,22.0,COOL
228,1732952800,,,1.72,2879.49,28.0,81.5,0.0,17.0,ON,MED,22.0,COOL,ON,MED,22.0,COOL
229,1732953410,,,1.29,2879.75,28.0,81.5,0.0,17.0,ON,MED,22.0,COOL,ON,MED,22.0,COOL
230,1732954020,,,1.27,2880.01,28.0,81.5,0.0,17.0,ON,MED,22.0,COOL,ON,MED,22.0,COOL
231,1732954630,,,1.27,2880.27,28.0,81.5,0.0,17.0,ON,MED,22.0,COOL,ON,MED,22.0,COOL
232,1732955239,,,1.28,2880.54,28.0,81.5,0.0,17.0,ON,MED,22.0,COOL,ON,MED,22.0,COOL
233,1732955850,,,1.29,2880.81,28.0,81.5,0.0,17.0,ON,MED,22.0,COOL,ON,MED,22.0,COOL
234,1732956460,,,1.29,2881.07,28.0,81.5,0.0,17.0,ON,MED,22.0,COOL,ON,MED,22.0,COOL
235,1732957070,,,1.29,2881.33,28.0,81.5,0.0,17.0,ON,MED,22.0,COOL,ON,MED,22.0,COOL
236,1732957680,,,2.41,2881.62,28.0,81.5,0.0,17.0,ON,MED,22.0,COOL,ON,MED,22.0,COOL
237,1732958290,,,1.77,2881.9,28.0,81.5,0.0,17.0,ON,MED,22.0,COOL,ON,MED,22.0,COOL
238,1732958900,,,1.31,2882.13,28.0,81.5,0.0,17.0,ON,MED,22.0,COOL,ON,MED,22.0,COOL
239,1732959517,,,1.32,2882.39,28.0,81.5,0.0,17.0,ON,MED,22.0,COOL,ON,MED,22.0,COOL
240,1732960127,,,1.31,2882.65,28.0,81.5,0.0,17.0,ON,MED,22.0,COOL,ON,MED,22.0,COOL
241,1732960737,,,1.3,2882.91,28.0,81.5,0.0,17.0,ON,MED,22.0,COOL,ON,MED,22.0,COOL
242,1732961347,,,2.05,2883.15,28.0,81.5,0.0,17.0,ON,MED,22.0,COOL,ON,MED,22.0,COOL
243,1732961957,,,2.69,2883.43,28.0,81.5,0.0,17.0,ON,MED,22.0,COOL,ON,MED,22.0,COOL
244,1732962567,,,1.94,2883.73,28.0,81.5,0.0,17.0,ON,MED,22.0,COOL,ON,MED,22.0,COOL
245,1732963177,,,2.2,2884.0,28.0,81.5,0.0,17.0,ON,MED,22.0,COOL,ON,MED,22.0,COOL
246,1732963798,,,1.9,2884.34,28.0,81.5,0.0,17.0,ON,MED,22.0,COOL,ON,MED,22.0,COOL
247,1732964408,,,2.2,2884.69,28.0,81.5,0.0,17.0,ON,MED,22.0,COOL,ON,MED,22.0,COOL
248,1732965018,,,2.06,2885.05,28.0,81.5,0.0,17.0,ON,MED,22.0,COOL,ON,MED,22.0,COOL
249,1732965628,,,2.03,2885.4,28.0,81.5,0.0,17.0,ON,MED,22.0,COOL,ON,MED,22.0,COOL
250,1732966246,,,2.14,2885.75,28.0,81.5,0.0,17.0,ON,MED,22.0,COOL,ON,MED,22.0,COOL
251,1732966857,,,2.03,2886.1,28.0,81.5,0.0,17.0,ON,MED,22.0,COOL,ON,MED,22.0,COOL
252,1732967467,,,1.98,2886.43,28.0,81.5,0.0,17.0,ON,MED,22.0,COOL,ON,MED,22.0,COOL
253,1732968083,,,1.8900000000000001,2886.76,28.0,81.5,0.0,17.0,ON,MED,22.0,COOL,ON,MED,22.0,COOL
254,1732968693,,,1.96,2887.09,28.0,81.5,0.0,17.0,ON,MED,22.0,COOL,ON,MED,22.0,COOL
255,1732969303,,,1.98,2887.43,28.0,81.5,0.0,17.0,ON,MED,22.0,COOL,ON,MED,22.0,COOL
256,1732969919,,,2.01,2887.75,28.0,81.5,0.0,17.0,ON,MED,22.0,COOL,ON,MED,22.0,COOL
257,1732970529,,,1.9500000000000002,2888.09,28.0,81.5,0.0,17.0,ON,MED,22.0,COOL,ON,MED,22.0,COOL
258,1732971139,,,2.03,2888.44,28.0,81.5,0.0,17.0,ON,MED,22.0,COOL,ON,MED,22.0,COOL
259,1732971749,,,2.2800000000000002,2888.8,28.0,81.5,0.0,17.0,ON,MED,22.0,COOL,ON,MED,22.0,COOL
260,1732972360,,,2.22,2889.18,28.0,81.5,0.0,17.0,ON,MED,22.0,COOL,ON,MED,22.0,COOL
261,1732972969,,,2.32,2889.58,28.0,81.5,0.0,17.0,ON,MED,22.0,COOL,ON,MED,22.0,COOL
262,1732973579,,,2.12,2889.95,28.0,81.5,0.0,17.0,ON,MED,22.0,COOL,ON,MED,22.0,COOL
263,1732974189,,,1.94,2890.28,28.0,81.5,0.0,17.0,ON,MED,22.0,COOL,ON,MED,22.0,COOL
264,1732974799,,,3.29,2890.67,28.0,81.5,0.0,17.0,ON,MED,22.0,COOL,ON,MED,22.0,COOL
265,1732975409,,,2.71,2891.12,28.0,81.5,0.0,17.0,ON,MED,22.0,COOL,ON,MED,22.0,COOL
266,1732976019,,,3.02,2891.59,28.0,81.5,0.0,17.0,ON,MED,22.0,COOL,ON,MED,22.0,COOL
267,1732976629,,,3.21,2892.2,28.0,81.5,0.0,17.0,ON,MED,22.0,COOL,ON,MED,22.0,COOL
268,1732977239,,,2.32,2892.67,28.0,81.5,0.0,17.0,ON,MED,22.0,COOL,ON,MED,22.0,COOL
269,1732977849,,,2.03,2893.03,28.0,81.5,0.0,17.0,ON,MED,22.0,COOL,ON,MED,22.0,COOL
270,1732978465,,,2.12,2893.39,28.0,81.5,0.0,17.0,ON,MED,22.0,COOL,ON,MED,22.0,COOL
271,1732979075,,,2.07,2893.75,28.0,81.5,0.0,17.0,ON,MED,22.0,COOL,ON,MED,22.0,COOL
272,1732979685,,,2.11,2894.1,28.0,81.5,0.0,17.0,ON,MED,22.0,COOL,ON,MED,22.0,COOL
273,1732980297,,,2.01,2894.45,28.0,81.5,0.0,17.0,ON,MED,22.0,COOL,ON,MED,22.0,COOL
274,1732980907,,,2.26,2894.8,28.0,81.5,0.0,17.0,ON,MED,22.0,COOL,ON,MED,22.0,COOL
275,1732981517,,,2.0,2895.14,28.0,81.5,0.0,17.0,ON,MED,22.0,COOL,ON,MED,22.0,COOL
276,1732982128,,,2.02,2895.49,28.0,81.5,0.0,17.0,ON,MED,22.0,COOL,ON,MED,22.0,COOL
277,1732982738,,,2.07,2895.84,28.0,81.5,0.0,17.0,ON,MED,22.0,COOL,ON,MED,22.0,COOL
278,1732983348,,,2.34,2896.2,28.0,81.5,0.0,17.0,ON,MED,22.0,COOL,ON,MED,22.0,COOL
279,1732983957,,,3.26,2896.66,28.0,81.5,0.0,17.0,ON,MED,22.0,COOL,ON,MED,22.0,COOL
280,1732984567,,,3.54,2897.24,28.0,81.5,0.0,17.0,ON,MED,22.0,COOL,ON,MED,22.0,COOL
281,1732985178,,,3.91,2897.86,28.0,81.5,0.0,17.0,ON,MED,22.0,COOL,ON,MED,22.0,COOL
282,1732985788,,,2.6,2898.49,28.0,81.5,0.0,17.0,ON,MED,22.0,COOL,ON,MED,22.0,COOL
283,1732986398,,,2.27,2898.91,28.0,81.5,0.0,17.0,ON,MED,22.0,COOL,ON,MED,22.0,COOL
284,1732987008,,,2.58,2899.34,28.0,81.5,0.0,17.0,ON,MED,22.0,COOL,ON,MED,22.0,COOL
285,1732987626,,,2.11,2899.77,28.0,81.5,0.0,17.0,ON,MED,22.0,COOL,ON,MED,22.0,COOL
286,1732988235,,,2.03,2900.13,28.0,81.5,0.0,17.0,ON,MED,22.0,COOL,ON,MED,22.0,COOL
287,1732988845,,,2.03,2900.48,28.0,81.5,0.0,17.0,ON,MED,22.0,COOL,ON,MED,22.0,COOL
288,1732989455,,,2.1,2900.82,28.0,81.5,0.0,17.0,ON,MED,22.0,COOL,ON,MED,22.0,COOL
289,1732990065,,,2.01,2901.17,28.0,81.5,0.0,17.0,ON,MED,22.0,COOL,ON,MED,22.0,COOL
290,1732990675,,,2.08,2901.51,28.0,81.5,0.0,17.0,ON,MED,22.0,COOL,ON,MED,22.0,COOL
291,1732991285,,,1.43,2901.85,28.0,81.5,0.0,17.0,ON,MED,22.0,COOL,ON,MED,22.0,COOL
292,1732991895,,,2.38,2902.26,28.0,81.5,0.0,17.0,ON,MED,22.0,COOL,ON,MED,22.0,COOL
367,1733037679,,,3.79,2904.37,28.0,81.5,0.0,17.0,ON,MED,22.0,COOL,ON,MED,22.0,COOL
368,1733038289,,,1.9100000000000001,2904.92,28.0,81.5,0.0,17.0,ON,MED,22.0,COOL,ON,MED,22.0,COOL
369,1733038899,,,1.54,2905.29,28.0,81.5,0.0,17.0,ON,MED,22.0,COOL,ON,MED,22.0,COOL
370,1733039509,,,1.4100000000000001,2905.6,28.0,81.5,0.0,17.0,ON,MED,22.0,COOL,ON,MED,22.0,COOL
371,1733040119,,,1.35,2905.89,28.0,81.5,0.0,17.0,ON,MED,22.0,COOL,ON,MED,22.0,COOL
372,1733040729,,,1.37,2906.19,28.0,81.5,0.0,17.0,ON,MED,22.0,COOL,ON,MED,22.0,COOL
373,1733041338,,,1.8399999999999999,2906.48,28.0,81.5,0.0,17.0,ON,MED,22.0,COOL,ON,MED,22.0,COOL
374,1733041948,,,1.8599999999999999,2906.77,28.0,81.5,0.0,17.0,ON,MED,22.0,COOL,ON,MED,22.0,COOL
375,1733042558,,,1.8399999999999999,2907.08,28.0,81.5,0.0,17.0,ON,MED,22.0,COOL,ON,MED,22.0,COOL
376,1733043168,,,2.15,2907.38,28.0,81.5,0.0,17.0,ON,MED,22.0,COOL,ON,MED,22.0,COOL
377,1733043778,,,1.9300000000000002,2907.71,28.0,81.5,0.0,17.0,ON,MED,22.0,COOL,ON,MED,22.0,COOL
378,1733044388,,,2.18,2908.07,28.0,81.5,0.0,17.0,ON,MED,22.0,COOL,ON,MED,22.0,COOL
379,1733044998,,,2.29,2908.45,28.0,81.5,0.0,17.0,ON,MED,22.0,COOL,ON,MED,22.0,COOL
380,1733045608,,,2.19,2908.83,28.0,81.5,0.0,17.0,ON,MED,22.0,COOL,ON,MED,22.0,COOL
381,1733046219,,,2.19,2909.2,28.0,81.5,0.0,17.0,ON,MED,22.0,COOL,ON,MED,22.0,COOL
382,1733046829,,,2.04,2909.55,28.0,81.5,0.0,17.0,ON,LOW,22.0,COOL,ON,LOW,22.0,COOL
383,1733047439,,,2.12,2909.93,28.0,81.5,0.0,17.0,ON,LOW,22.0,COOL,ON,LOW,22.0,COOL
384,1733048048,,,2.46,2910.31,28.0,81.5,0.0,17.0,ON,LOW,22.0,COOL,ON,LOW,22.0,COOL
385,1733048658,,,2.59,2910.72,28.0,81.5,0.0,17.0,ON,LOW,22.0,COOL,ON,LOW,22.0,COOL
386,1733049268,,,3.77,2911.23,28.0,81.5,0.0,17.0,ON,LOW,22.0,COOL,ON,LOW,22.0,COOL
387,1733049878,,,3.48,2911.85,28.0,81.5,0.0,17.0,ON,LOW,22.0,COOL,ON,LOW,22.0,COOL
388,1733050488,,,2.91,2912.36,28.0,81.5,0.0,17.0,ON,LOW,22.0,COOL,ON,LOW,22.0,COOL
389,1733051105,,,2.21,2912.74,28.0,81.5,0.0,17.0,ON,LOW,22.0,COOL,ON,LOW,22.0,COOL
390,1733051715,,,1.96,2913.09,28.0,81.5,0.0,17.0,ON,LOW,22.0,COOL,ON,LOW,22.0,COOL
391,1733052325,,,2.03,2913.42,28.0,81.5,0.0,17.0,ON,LOW,22.0,COOL,ON,LOW,22.0,COOL
392,1733052934,,,2.04,2913.74,28.0,81.5,0.0,17.0,ON,LOW,22.0,COOL,ON,LOW,22.0,COOL
393,1733053544,,,2.0,2914.07,28.0,81.5,0.0,17.0,ON,LOW,22.0,COOL,ON,LOW,22.0,COOL
394,1733054161,,,1.96,2914.41,28.0,81.5,0.0,17.0,ON,LOW,22.0,COOL,ON,LOW,22.0,COOL
395,1733054771,,,1.53,2914.75,28.0,81.5,0.0,17.0,ON,LOW,22.0,COOL,ON,LOW,22.0,COOL
396,1733055381,,,1.98,2915.09,28.0,81.5,0.0,17.0,ON,LOW,22.0,COOL,ON,LOW,22.0,COOL
397,1733055991,,,1.97,2915.43,28.0,81.5,0.0,17.0,ON,LOW,22.0,COOL,ON,LOW,22.0,COOL
398,1733056601,,,1.99,2915.76,28.0,81.5,0.0,17.0,ON,LOW,22.0,COOL,ON,LOW,22.0,COOL
399,1733057211,,,1.46,2916.1,28.0,81.5,0.0,17.0,ON,LOW,22.0,COOL,ON,LOW,22.0,COOL
400,1733057821,,,2.01,2916.44,28.0,81.5,0.0,17.0,ON,LOW,22.0,COOL,ON,LOW,22.0,COOL
401,1733058439,,,2.04,2916.77,28.0,81.5,0.0,17.0,ON,LOW,22.0,COOL,ON,LOW,22.0,COOL
402,1733059048,,,2.89,2917.23,28.0,81.5,0.0,17.0,ON,LOW,22.0,COOL,ON,LOW,22.0,COOL
403,1733059658,,,3.58,2917.78,28.0,81.5,0.0,17.0,ON,LOW,22.0,COOL,ON,LOW,22.0,COOL
404,1733060268,,,3.63,2918.39,28.0,81.5,0.0,17.0,ON,LOW,22.0,COOL,ON,LOW,22.0,COOL
405,1733060879,,,3.07,2918.94,28.0,81.5,0.0,17.0,ON,LOW,22.0,COOL,ON,LOW,22.0,COOL
406,1733061489,,,2.81,2919.44,28.0,81.5,0.0,17.0,ON,LOW,22.0,COOL,ON,LOW,22.0,COOL
407,1733062099,,,2.64,2919.92,28.0,81.5,0.0,17.0,ON,LOW,22.0,COOL,ON,LOW,22.0,COOL
408,1733062709,,,2.13,2920.32,28.0,81.5,0.0,17.0,ON,LOW,22.0,COOL,ON,LOW,22.0,COOL
409,1733063320,,,2.07,2920.67,28.0,81.5,0.0,17.0,ON,LOW,22.0,COOL,ON,LOW,22.0,COOL
410,1733063930,,,2.01,2921.01,28.0,81.5,0.0,17.0,ON,LOW,22.0,COOL,ON,LOW,22.0,COOL
411,1733064539,,,1.46,2921.35,28.0,81.5,0.0,17.0,ON,LOW,22.0,COOL,ON,LOW,22.0,COOL
412,1733065154,,,2.02,2921.69,28.0,81.5,0.0,17.0,ON,LOW,22.0,COOL,ON,LOW,22.0,COOL
413,1733065765,,,2.05,2922.04,28.0,81.5,0.0,17.0,ON,LOW,22.0,COOL,ON,LOW,22.0,COOL
414,1733066375,,,1.51,2922.38,28.0,81.5,0.0,17.0,ON,LOW,22.0,COOL,ON,LOW,22.0,COOL
415,1733066985,,,2.06,2922.72,28.0,81.5,0.0,17.0,ON,LOW,22.0,COOL,ON,LOW,22.0,COOL
416,1733067595,,,2.26,2923.08,28.0,81.5,0.0,17.0,ON,LOW,22.0,COOL,ON,LOW,22.0,COOL
417,1733068205,,,3.23,2923.56,28.0,81.5,0.0,17.0,ON,LOW,22.0,COOL,ON,LOW,22.0,COOL
418,1733068815,,,3.38,2924.13,28.0,81.5,0.0,17.0,ON,LOW,22.0,COOL,ON,LOW,22.0,COOL
419,1733069425,,,4.0,2924.78,28.0,81.5,0.0,17.0,ON,LOW,22.0,COOL,ON,LOW,22.0,COOL
420,1733070043,,,3.11,2925.34,28.0,81.5,0.0,17.0,ON,LOW,22.0,COOL,ON,LOW,22.0,COOL
421,1733070653,,,2.61,2925.82,28.0,81.5,0.0,17.0,ON,LOW,22.0,COOL,ON,LOW,22.0,COOL
422,1733071262,,,2.7800000000000002,2926.3,28.0,81.5,0.0,17.0,ON,LOW,22.0,COOL,ON,LOW,22.0,COOL
423,1733071872,,,2.5700000000000003,2926.76,28.0,81.5,0.0,17.0,ON,LOW,22.0,COOL,ON,LOW,22.0,COOL
424,1733072482,,,2.63,2927.21,28.0,81.5,0.0,17.0,ON,LOW,22.0,COOL,ON,LOW,22.0,COOL
425,1733073092,,,2.67,2927.64,28.0,81.5,0.0,17.0,ON,LOW,22.0,COOL,ON,LOW,22.0,COOL
426,1733073710,,,2.41,2928.09,28.0,81.5,0.0,17.0,ON,LOW,22.0,COOL,ON,LOW,22.0,COOL
427,1733074320,,,2.71,2928.52,28.0,81.5,0.0,17.0,ON,LOW,22.0,COOL,ON,LOW,22.0,COOL
428,1733074930,,,2.36,2928.96,28.0,81.5,0.0,17.0,ON,LOW,22.0,COOL,ON,LOW,22.0,COOL
429,1733075540,,,2.32,2929.35,28.0,81.5,0.0,17.0,ON,LOW,22.0,COOL,ON,LOW,22.0,COOL
430,1733076149,,,2.23,2929.74,28.0,81.5,0.0,17.0,ON,LOW,22.0,COOL,ON,LOW,22.0,COOL
431,1733076759,,,2.15,2930.14,28.0,81.5,0.0,17.0,ON,LOW,22.0,COOL,ON,LOW,22.0,COOL
432,1733077369,,,2.38,2930.53,28.0,81.5,0.0,17.0,ON,LOW,22.0,COOL,ON,LOW,22.0,COOL
433,1733077979,,,2.16,2930.91,28.0,81.5,0.0,17.0,ON,LOW,22.0,COOL,ON,LOW,22.0,COOL
434,1733078589,,,2.12,2931.28,28.0,81.5,0.0,17.0,ON,LOW,22.0,COOL,ON,LOW,22.0,COOL
435,1733079199,,,2.03,2931.64,28.0,81.5,0.0,17.0,ON,LOW,22.0,COOL,ON,LOW,22.0,COOL
436,1733079809,,,2.14,2932.0,28.0,81.5,0.0,17.0,ON,LOW,22.0,COOL,ON,LOW,22.0,COOL
437,1733080419,,,2.27,2932.36,28.0,81.5,0.0,17.0,ON,LOW,22.0,COOL,ON,LOW,22.0,COOL
438,1733081029,,,4.65,2932.92,28.0,81.5,0.0,17.0,ON,LOW,22.0,COOL,ON,LOW,22.0,COOL
439,1733081646,,,2.18,2933.44,28.0,81.5,0.0,17.0,ON,LOW,22.0,COOL,ON,LOW,22.0,COOL
440,1733082257,,,2.73,2933.93,28.0,81.5,0.0,17.0,ON,LOW,22.0,COOL,ON,LOW,22.0,COOL
441,1733082867,,,2.4,2934.38,28.0,81.5,0.0,17.0,ON,LOW,22.0,COOL,ON,LOW,22.0,COOL
442,1733083477,,,3.01,2934.87,28.0,81.5,0.0,17.0,ON,LOW,22.0,COOL,ON,LOW,22.0,COOL
508,1733123764,,,5.25,2935.58,28.0,81.5,0.0,17.0,ON,LOW,22.0,COOL,ON,LOW,22.0,COOL
509,1733124374,,,3.27,2936.42,28.0,81.5,0.0,17.0,ON,LOW,22.0,COOL,ON,LOW,22.0,COOL
510,1733124984,,,1.69,2936.95,28.0,81.5,0.0,17.0,ON,LOW,22.0,COOL,ON,LOW,22.0,COOL
511,1733125595,,,2.15,2937.28,28.0,81.5,0.0,17.0,ON,LOW,22.0,COOL,ON,LOW,22.0,COOL
512,1733126205,,,2.22,2937.62,28.0,81.5,0.0,17.0,ON,LOW,22.0,COOL,ON,LOW,22.0,COOL
513,1733126815,,,1.88,2937.94,28.0,81.5,0.0,17.0,ON,LOW,22.0,COOL,ON,LOW,22.0,COOL
514,1733127425,,,2.02,2938.22,28.0,81.5,0.0,17.0,ON,LOW,22.0,COOL,ON,LOW,22.0,COOL
515,1733128035,,,1.77,2938.54,28.0,81.5,0.0,17.0,ON,LOW,22.0,COOL,ON,LOW,22.0,COOL
516,1733128644,,,2.21,2938.86,28.0,81.5,0.0,17.0,ON,LOW,22.0,COOL,ON,LOW,22.0,COOL
517,1733129255,,,2.42,2939.24,28.0,81.5,0.0,17.0,ON,LOW,22.0,COOL,ON,LOW,22.0,COOL
518,1733129865,,,2.5700000000000003,2939.66,28.0,81.5,0.0,17.0,ON,LOW,22.0,COOL,ON,LOW,22.0,COOL
519,1733130475,,,3.22,2940.16,28.0,81.5,0.0,17.0,ON,LOW,22.0,COOL,ON,LOW,22.0,COOL
520,1733131085,,,3.12,2940.75,28.0,81.5,0.0,17.0,ON,LOW,22.0,COOL,ON,LOW,22.0,COOL
521,1733131696,,,2.21,2941.2,28.0,81.5,0.0,17.0,ON,LOW,22.0,COOL,ON,LOW,22.0,COOL
522,1733132306,,,2.12,2941.59,28.0,81.5,0.0,17.0,ON,LOW,22.0,COOL,ON,LOW,22.0,COOL
523,1733132916,,,1.52,2941.94,28.0,81.5,0.0,17.0,ON,LOW,22.0,COOL,ON,LOW,22.0,COOL
524,1733133525,,,2.05,2942.28,28.0,81.5,0.0,17.0,ON,LOW,22.0,COOL,ON,LOW,22.0,COOL
525,1733134135,,,2.4,2942.66,28.0,81.5,0.0,17.0,ON,LOW,22.0,COOL,ON,LOW,22.0,COOL
526,1733134745,,,2.31,2943.05,28.0,81.5,0.0,17.0,ON,LOW,22.0,COOL,ON,LOW,22.0,COOL
527,1733135089,23.0,65.25,2.41,2943.28,29.2,75.0,1.0,17.0,ON,LOW,22.0,COOL,ON,LOW,22.0,COOL
528,1733135927,23.3,63.25,2.84,2943.88,29.2,74.0,1.0,17.0,ON,LOW,22.0,COOL,ON,LOW,22.0,COOL
529,1733136542,23.0,61.75,2.6,2944.42,29.3,74.0,1.0,17.0,ON,LOW,22.0,COOL,ON,LOW,22.0,COOL
530,1733137152,23.3,60.75,2.6,2944.97,29.3,73.5,1.0,16.0,ON,LOW,22.0,COOL,ON,LOW,22.0,COOL
531,1733137762,23.45,62.25,3.3,2945.56,29.6,73.0,1.0,16.0,ON,LOW,22.0,COOL,ON,LOW,22.0,COOL
532,1733138372,23.1,62.0,3.25,2946.1,29.6,72.5,1.0,16.0,ON,LOW,22.0,COOL,ON,LOW,22.0,COOL
533,1733138982,22.85,62.0,2.48,2946.57,29.8,72.5,1.0,19.0,ON,LOW,22.0,COOL,ON,LOW,22.0,COOL
534,1733139600,23.4,66.25,3.2,2947.16,30.0,71.5,1.0,20.0,ON,LOW,22.0,COOL,ON,LOW,22.0,COOL
535,1733140210,23.2,64.0,3.42,2947.72,30.1,71.5,1.0,21.0,ON,LOW,22.0,COOL,ON,LOW,22.0,COOL
536,1733140820,23.2,62.5,3.1,2948.24,30.5,71.5,1.0,22.0,ON,LOW,22.0,COOL,ON,LOW,22.0,COOL
537,1733141431,22.85,61.5,2.92,2948.78,30.4,70.0,1.0,22.0,ON,LOW,22.0,COOL,ON,LOW,22.0,COOL
538,1733142041,22.9,61.75,2.34,2949.25,30.6,68.5,1.0,19.0,ON,LOW,22.0,COOL,ON,LOW,22.0,COOL
539,1733142651,23.05,61.75,2.91,2949.73,31.0,68.5,1.0,20.0,ON,LOW,22.0,COOL,ON,LOW,22.0,COOL
540,1733143261,23.1,64.25,2.93,2950.22,31.0,67.0,1.0,19.0,ON,LOW,22.0,COOL,ON,LOW,22.0,COOL
541,1733143871,22.95,65.0,1.78,2950.65,30.8,67.0,1.0,18.0,ON,LOW,22.0,COOL,ON,LOW,22.0,COOL
542,1733144489,23.15,63.0,2.35,2951.08,31.2,67.0,1.0,18.0,ON,LOW,22.0,COOL,ON,LOW,22.0,COOL
543,1733145099,23.0,63.75,2.19,2951.47,31.2,66.0,1.0,15.0,ON,LOW,22.0,COOL,ON,LOW,22.0,COOL
544,1733145709,23.05,64.25,2.01,2951.83,31.2,65.5,1.0,12.0,ON,LOW,22.0,COOL,ON,LOW,22.0,COOL
545,1733146320,23.45,65.5,2.1,2952.17,31.2,65.5,1.0,4.0,ON,LOW,22.0,COOL,ON,LOW,22.0,COOL
546,1733146930,23.25,70.25,2.18,2952.52,31.4,65.0,1.0,3.0,ON,LOW,22.0,COOL,ON,LOW,22.0,COOL
547,1733147540,23.8,68.0,2.62,2952.93,31.5,64.5,1.0,2.0,ON,LOW,22.0,COOL,ON,LOW,22.0,COOL
548,1733148151,24.05,68.0,4.08,2953.6,31.4,64.5,1.0,0.0,ON,LOW,22.0,COOL,ON,LOW,22.0,COOL
549,1733148761,23.05,66.0,4.12,2954.24,31.8,64.5,1.0,0.0,ON,LOW,22.0,COOL,ON,LOW,22.0,COOL
550,1733149371,23.0,65.0,1.85,2954.72,31.5,65.0,1.0,0.0,ON,LOW,22.0,COOL,ON,LOW,22.0,COOL
551,1733149981,23.2,67.25,2.54,2955.12,31.2,69.0,1.0,13.0,ON,LOW,22.0,COOL,ON,LOW,22.0,COOL
552,1733150591,23.15,66.0,1.83,2955.58,31.0,70.0,1.0,26.0,ON,LOW,22.0,COOL,ON,LOW,22.0,COOL
553,1733151201,23.1,66.75,2.22,2955.97,31.0,69.0,1.0,26.0,ON,LOW,22.0,COOL,ON,LOW,22.0,COOL
554,1733151811,23.0,65.25,2.06,2956.35,30.8,70.0,1.0,26.0,ON,LOW,22.0,COOL,ON,LOW,22.0,COOL
555,1733152421,23.25,67.25,2.04,2956.66,30.7,71.0,1.0,27.0,ON,LOW,22.0,COOL,ON,LOW,22.0,COOL
556,1733153031,23.15,66.0,1.9100000000000001,2957.0,30.9,71.5,1.0,26.0,ON,LOW,22.0,COOL,ON,LOW,22.0,COOL
557,1733153641,23.25,65.5,2.0,2957.33,31.4,70.5,1.0,27.0,ON,LOW,22.0,COOL,ON,LOW,22.0,COOL
558,1733154251,23.25,65.5,2.2800000000000002,2957.67,31.2,70.0,1.0,26.0,ON,LOW,22.0,COOL,ON,LOW,22.0,COOL
559,1733154861,23.2,65.5,2.05,2958.02,30.7,71.5,1.0,28.0,ON,LOW,22.0,COOL,ON,LOW,22.0,COOL
560,1733155471,23.1,66.0,1.92,2958.36,30.5,72.5,1.0,28.0,ON,LOW,22.0,COOL,ON,LOW,22.0,COOL
561,1733156081,23.1,66.5,2.04,2958.69,30.8,71.0,1.0,27.0,ON,LOW,22.0,COOL,ON,LOW,22.0,COOL
562,1733156692,23.2,66.5,1.96,2959.02,31.0,72.0,1.0,28.0,ON,LOW,22.0,COOL,ON,LOW,22.0,COOL
563,1733157302,23.15,66.0,1.9100000000000001,2959.36,31.0,71.5,1.0,27.0,ON,LOW,22.0,COOL,ON,LOW,22.0,COOL
564,1733157912,23.15,66.0,1.98,2959.69,30.9,71.5,1.0,28.0,ON,LOW,22.0,COOL,ON,LOW,22.0,COOL
565,1733158522,23.15,66.0,1.96,2960.02,30.6,71.0,1.0,28.0,ON,LOW,22.0,COOL,ON,LOW,22.0,COOL
566,1733159132,24.15,75.0,3.05,2960.46,30.6,71.0,1.0,24.0,ON,LOW,22.0,COOL,ON,LOW,22.0,COOL
567,1733159742,24.15,71.75,3.73,2961.05,30.5,71.0,1.0,32.0,ON,LOW,22.0,COOL,ON,LOW,22.0,COOL
568,1733160352,24.25,71.5,3.74,2961.66,30.4,69.5,1.0,33.0,ON,LOW,22.0,COOL,ON,LOW,22.0,COOL
569,1733160962,23.1,66.0,1.8399999999999999,2962.15,29.9,71.0,1.0,46.0,ON,LOW,22.0,COOL,ON,LOW,22.0,COOL
570,1733161572,23.15,65.75,1.72,2962.54,29.7,70.5,1.0,46.0,ON,LOW,22.0,COOL,ON,LOW,22.0,COOL
571,1733162182,21.2,71.5,2.26,2962.91,29.7,70.5,1.0,45.0,ON,LOW,22.0,COOL,ON,LOW,22.0,COOL
572,1733162210,,,2.26,2962.92,29.7,70.5,1.0,45.0,ON,LOW,22.0,COOL,ON,LOW,22.0,COOL
573,1733162799,22.95,66.75,2.03,2963.27,29.7,73.5,1.0,45.0,ON,LOW,22.0,COOL,ON,LOW,22.0,COOL
574,1733162835,,,2.02,2963.29,29.7,73.5,1.0,45.0,ON,LOW,22.0,COOL,ON,LOW,22.0,COOL
575,1733163409,22.9,66.5,2.06,2963.63,29.5,75.0,1.0,45.0,ON,LOW,22.0,COOL,ON,LOW,22.0,COOL
576,1733163460,,,2.04,2963.65,29.5,75.0,1.0,42.0,ON,LOW,22.0,COOL,ON,LOW,22.0,COOL
577,1733164019,22.8,67.5,1.8900000000000001,2963.95,29.2,75.5,1.0,42.0,ON,LOW,22.0,COOL,ON,LOW,22.0,COOL
578,1733164084,24.3,63.5,1.8599999999999999,2963.98,29.0,76.5,1.0,28.0,ON,LOW,22.0,COOL,ON,LOW,22.0,COOL
579,1733164629,22.85,69.75,1.74,2964.25,29.0,78.5,1.0,27.0,ON,LOW,22.0,COOL,ON,LOW,22.0,COOL
580,1733164709,,,1.33,2964.28,29.0,78.5,1.0,17.0,ON,LOW,22.0,COOL,ON,LOW,22.0,COOL
581,1733165238,22.9,70.5,1.3,2964.53,28.9,80.0,1.0,21.0,ON,LOW,22.0,COOL,ON,LOW,22.0,COOL
582,1733165334,21.4,76.5,1.28,2964.56,28.9,80.0,1.0,21.0,ON,LOW,22.0,COOL,ON,LOW,22.0,COOL
583,1733165848,22.95,71.5,1.73,2964.83,28.7,79.0,1.0,21.0,ON,LOW,22.0,COOL,ON,LOW,22.0,COOL
584,1733165958,24.4,66.0,1.76,2964.87,28.7,79.0,1.0,20.0,ON,LOW,22.0,COOL,ON,LOW,22.0,COOL
585,1733166458,22.9,72.75,1.9500000000000002,2965.1,28.5,79.5,1.0,21.0,ON,LOW,22.0,COOL,ON,LOW,22.0,COOL
586,1733166583,21.5,80.0,1.8,2965.16,28.5,79.5,1.0,20.0,ON,LOW,22.0,COOL,ON,LOW,22.0,COOL
587,1733167068,23.05,74.0,2.43,2965.37,28.4,79.5,1.0,20.0,ON,LOW,22.0,COOL,ON,LOW,22.0,COOL
588,1733167208,24.3,67.5,1.8,2965.45,28.5,79.5,1.0,21.0,ON,LOW,22.0,COOL,ON,LOW,22.0,COOL
589,1733167678,22.95,71.75,1.72,2965.68,28.5,80.0,1.0,22.0,ON,LOW,22.0,COOL,ON,LOW,22.0,COOL
590,1733167833,21.5,75.5,1.74,2965.75,28.5,80.0,1.0,22.0,ON,LOW,22.0,COOL,ON,LOW,22.0,COOL
591,1733168288,22.8,71.5,1.74,2965.97,28.3,79.5,1.0,22.0,ON,LOW,22.0,COOL,ON,LOW,22.0,COOL
592,1733168458,22.8,70.5,1.3,2966.03,28.3,80.0,1.0,22.0,ON,LOW,22.0,COOL,ON,LOW,22.0,COOL
593,1733168899,22.85,72.0,1.74,2966.26,28.2,79.5,1.0,22.0,ON,LOW,22.0,COOL,ON,LOW,22.0,COOL
594,1733169083,24.3,68.0,1.29,2966.33,28.2,79.5,1.0,23.0,ON,LOW,22.0,COOL,ON,LOW,22.0,COOL
595,1733169509,22.95,76.0,2.1,2966.56,28.2,80.0,1.0,18.0,ON,LOW,22.0,COOL,ON,LOW,22.0,COOL
811,1733237016,28.65,75.5,0.11,2966.92,33.2,56.0,1.0,0.0,ON,LOW,21.0,COOL,ON,LOW,21.0,COOL
812,1733237644,27.45,70.0,5.08,2967.67,33.2,55.5,1.0,0.0,ON,LOW,21.0,COOL,ON,LOW,21.0,COOL
813,1733238273,25.05,55.0,3.54,2968.38,33.5,56.0,1.0,0.0,ON,LOW,21.0,COOL,ON,LOW,21.0,COOL
814,1733238902,24.05,58.25,2.66,2968.95,33.5,55.5,1.0,0.0,ON,LOW,21.0,COOL,ON,LOW,21.0,COOL
815,1733239530,24.0,59.5,3.21,2969.46,33.1,56.5,1.0,1.0,ON,LOW,21.0,COOL,ON,LOW,21.0,COOL
1094,1733409223,30.2,67.0,0.25,2970.54,32.9,53.0,0.0,0.0,ON,HIGH,21.0,COOL,ON,MED,21.0,COOL
1095,1733409851,27.85,59.25,7.36,2971.5,33.5,52.5,0.0,0.0,ON,HIGH,21.0,COOL,ON,MED,21.0,COOL
1096,1733410480,25.95,51.25,5.87,2972.68,33.1,53.0,0.0,2.0,ON,HIGH,21.0,COOL,ON,MED,21.0,COOL
1097,1733411108,24.85,56.5,0.63,2973.37,33.5,51.5,0.0,6.0,ON,MED,24.0,COOL,ON,LOW,24.0,COOL
1098,1733411737,25.7,60.5,1.8900000000000001,2973.7,33.3,52.5,0.0,6.0,ON,MED,24.0,COOL,ON,LOW,24.0,COOL
1099,1733412365,25.6,61.25,1.85,2974.02,33.2,52.0,0.0,6.0,ON,MED,24.0,COOL,ON,LOW,24.0,COOL
1100,1733412994,25.65,61.0,1.96,2974.35,33.8,49.5,0.0,6.0,ON,MED,24.0,COOL,ON,LOW,24.0,COOL
1101,1733413623,25.85,63.25,1.5,2974.65,34.0,49.0,0.0,1.0,ON,MED,24.0,COOL,ON,LOW,24.0,COOL
1116,1733423050,30.35,61.0,5.64,2975.05,35.1,46.0,1.0,0.0,ON,MED,24.0,COOL,ON,LOW,24.0,COOL
1208,1733480871,28.75,67.0,5.42,2976.48,31.1,60.5,0.0,1.0,ON,MED,24.0,COOL,ON,LOW,24.0,COOL
1214,1733484642,29.75,62.5,0.09,2977.14,31.9,58.0,0.0,3.0,ON,MED,22.0,COOL,OFF,LOW,24.0,COOL
1215,1733485271,27.7,60.5,2.76,2977.55,32.2,56.5,0.0,5.0,ON,MED,22.0,COOL,OFF,LOW,24.0,COOL
1216,1733485899,26.9,58.75,2.8,2978.03,32.6,56.0,0.0,5.0,ON,MED,22.0,COOL,OFF,LOW,24.0,COOL
1502,1733666283,31.2,64.75,1.77,2979.16,34.0,58.5,0.0,4.0,ON,MED,22.0,COOL,OFF,MED,22.0,COOL
1503,1733666912,28.6,58.0,2.83,2979.62,34.1,57.0,0.0,9.0,ON,MED,22.0,COOL,OFF,MED,22.0,COOL
1504,1733667540,27.75,53.75,2.83,2980.11,34.4,57.0,0.0,9.0,ON,MED,22.0,COOL,OFF,MED,22.0,COOL
1505,1733668169,26.8,49.25,2.8200000000000003,2980.59,33.9,58.0,0.0,9.0,ON,MED,22.0,COOL,OFF,MED,22.0,COOL
1506,1733668797,26.3,46.75,2.89,2981.09,34.5,52.5,0.0,9.0,ON,MED,22.0,COOL,OFF,MED,22.0,COOL
1749,1733821527,28.2,69.0,3.83,2982.16,26.7,73.5,0.0,0.0,ON,MED,22.5,COOL,ON,MED,22.5,COOL
1750,1733822156,25.05,57.0,2.77,2982.92,26.8,74.5,0.0,0.0,ON,MED,23.0,COOL,ON,MED,23.0,COOL
1751,1733822784,24.6,60.5,1.99,2983.28,26.9,74.5,0.0,0.0,ON,MED,23.0,COOL,ON,MED,23.0,COOL
1752,1733823413,24.2,61.25,1.77,2983.64,27.0,73.5,0.0,0.0,ON,MED,23.0,COOL,ON,MED,23.0,COOL
1753,1733824041,24.35,62.0,1.67,2984.06,27.2,74.0,0.0,0.0,ON,MED,23.0,COOL,ON,MED,23.0,COOL
1754,1733824670,24.3,61.75,2.08,2984.41,27.4,73.5,0.0,0.0,ON,MED,23.0,COOL,ON,MED,23.0,COOL
1755,1733825298,24.2,63.5,2.15,2984.77,27.5,72.0,0.0,2.0,ON,MED,23.0,COOL,ON,MED,23.0,COOL
1756,1733825926,23.95,62.75,2.9699999999999998,2985.12,27.6,71.5,0.0,2.0,ON,MED,23.0,COOL,ON,MED,23.0,COOL
1757,1733826555,23.95,62.5,1.94,2985.49,27.8,70.5,0.0,4.0,ON,MED,23.0,COOL,ON,MED,23.0,COOL
1758,1733827183,23.9,63.5,1.92,2985.83,28.3,69.5,0.0,4.0,ON,MED,23.0,COOL,ON,MED,23.0,COOL
1759,1733827812,24.05,66.0,2.43,2986.17,28.4,69.0,0.0,4.0,ON,MED,23.0,COOL,ON,MED,23.0,COOL
1760,1733828441,23.9,64.0,2.07,2986.53,28.6,68.5,0.0,4.0,ON,MED,23.0,COOL,ON,MED,23.0,COOL
1761,1733829070,23.85,64.0,2.0,2986.87,28.8,68.0,0.0,4.0,ON,MED,23.0,COOL,ON,MED,23.0,COOL
1762,1733829699,24.3,68.0,1.6800000000000002,2987.21,29.1,67.5,0.0,1.0,ON,MED,23.0,COOL,ON,MED,23.0,COOL
1777,1733839128,27.65,64.5,5.67,2987.79,30.2,64.0,0.0,0.0,ON,MED,23.0,COOL,ON,MED,23.0,COOL
1778,1733839757,24.85,58.0,1.7000000000000002,2988.34,30.6,63.5,0.0,0.0,ON,MED,23.0,COOL,ON,MED,23.0,COOL
1779,1733840385,25.25,60.25,1.9100000000000001,2988.74,31.4,62.5,0.0,0.0,ON,MED,23.0,COOL,ON,MED,23.0,COOL
1780,1733841014,24.9,60.0,1.99,2989.12,31.2,60.5,0.0,0.0,ON,MED,23.0,COOL,ON,MED,23.0,COOL
1781,1733841642,24.65,60.5,2.34,2989.46,31.5,61.0,0.0,0.0,ON,MED,23.0,COOL,ON,MED,23.0,COOL
1782,1733842270,24.5,60.0,1.62,2989.79,31.3,62.0,0.0,0.0,ON,MED,23.0,COOL,ON,MED,23.0,COOL
2874,1734462171,30.15,72.75,0.81,2992.7,30.5,69.5,0.0,0.0,ON,AUTO,21.5,DRY,OFF,MED,22.0,COOL
2875,1734462800,28.8,69.5,1.72,2993.01,30.1,70.0,0.0,0.0,ON,AUTO,21.5,DRY,OFF,MED,22.0,COOL
2876,1734463428,28.5,67.75,1.72,2993.3,30.1,70.5,0.0,0.0,ON,AUTO,21.5,DRY,OFF,MED,22.0,COOL
2957,1734513144,28.0,69.5,3.87,2993.93,28.2,77.0,0.0,0.0,ON,AUTO,22.5,DRY,ON,HIGH,22.5,COOL
2958,1734513564,26.5,61.75,3.83,2994.79,28.5,76.0,0.0,1.0,ON,AUTO,22.5,DRY,ON,HIGH,22.5,COOL
2959,1734513773,26.5,61.75,3.83,2994.79,28.5,76.0,0.0,1.0,ON,AUTO,22.5,DRY,ON,HIGH,22.5,COOL
